Date_of_publication,Municipality_name,Total_reported,Deceased
2020-12-01,Alblasserdam,1,0
2020-12-01,Alphen aan den Rijn,11,0
2020-12-01,Barendrecht,11,0
2020-12-01,Brielle,5,0
2020-12-01,Capelle aan den IJssel,8,0
2020-12-01,Delft,18,0
2020-12-01,Dordrecht,15,1
2020-12-01,Gorinchem,10,0
2020-12-01,Gouda,36,0
2020-12-01,'s-Gravenhage,105,0
2020-12-01,Hardinxveld-Giessendam,5,0
2020-12-01,Hellevoetsluis,10,0
2020-12-01,Hendrik-Ido-Ambacht,3,0
2020-12-01,Hillegom,3,0
2020-12-01,Katwijk,17,0
2020-12-01,Krimpen aan den IJssel,8,0
2020-12-01,Leiden,18,1
2020-12-01,Leiderdorp,5,0
2020-12-01,Lisse,4,0
2020-12-01,Maassluis,9,0
2020-12-01,Nieuwkoop,4,1
2020-12-01,Noordwijk,8,0
2020-12-01,Oegstgeest,2,1
2020-12-01,Papendrecht,1,0
2020-12-01,Ridderkerk,7,0
2020-12-01,Rotterdam,162,0
2020-12-01,Rijswijk,6,0
2020-12-01,Schiedam,30,0
2020-12-01,Sliedrecht,4,0
2020-12-01,Albrandswaard,4,0
2020-12-01,Westvoorne,2,0
2020-12-01,Vlaardingen,22,0
2020-12-01,Voorschoten,5,0
2020-12-01,Waddinxveen,4,0
2020-12-01,Wassenaar,5,0
2020-12-01,Zoetermeer,41,0
2020-12-01,Zoeterwoude,0,0
2020-12-01,Zwijndrecht,5,0
2020-12-01,Teylingen,6,0
2020-12-01,Lansingerland,25,0
2020-12-01,Westland,39,0
2020-12-01,Midden-Delfland,12,1
2020-12-01,Kaag en Braassem,3,0
2020-12-01,Zuidplas,7,0
2020-12-01,Bodegraven-Reeuwijk,9,0
2020-12-01,Leidschendam-Voorburg,25,3
2020-12-01,Goeree-Overflakkee,8,0
2020-12-01,Pijnacker-Nootdorp,17,0
2020-12-01,Nissewaard,17,2
2020-12-01,Krimpenerwaard,4,0
2020-12-01,Hoeksche Waard,20,0
2020-12-01,Molenlanden,1,0
2020-12-02,Alblasserdam,8,0
2020-12-02,Alphen aan den Rijn,36,0
2020-12-02,Barendrecht,15,0
2020-12-02,Brielle,10,0
2020-12-02,Capelle aan den IJssel,20,0
2020-12-02,Delft,40,2
2020-12-02,Dordrecht,67,0
2020-12-02,Gorinchem,25,0
2020-12-02,Gouda,41,0
2020-12-02,'s-Gravenhage,151,0
2020-12-02,Hardinxveld-Giessendam,12,0
2020-12-02,Hellevoetsluis,9,0
2020-12-02,Hendrik-Ido-Ambacht,13,0
2020-12-02,Hillegom,2,0
2020-12-02,Katwijk,25,0
2020-12-02,Krimpen aan den IJssel,13,0
2020-12-02,Leiden,25,0
2020-12-02,Leiderdorp,8,0
2020-12-02,Lisse,9,0
2020-12-02,Maassluis,7,0
2020-12-02,Nieuwkoop,14,0
2020-12-02,Noordwijk,13,0
2020-12-02,Oegstgeest,5,0
2020-12-02,Papendrecht,13,0
2020-12-02,Ridderkerk,19,1
2020-12-02,Rotterdam,282,1
2020-12-02,Rijswijk,15,0
2020-12-02,Schiedam,38,0
2020-12-02,Sliedrecht,19,2
2020-12-02,Albrandswaard,13,0
2020-12-02,Westvoorne,1,0
2020-12-02,Vlaardingen,39,0
2020-12-02,Voorschoten,3,0
2020-12-02,Waddinxveen,13,0
2020-12-02,Wassenaar,11,1
2020-12-02,Zoetermeer,34,0
2020-12-02,Zoeterwoude,5,0
2020-12-02,Zwijndrecht,24,0
2020-12-02,Teylingen,14,0
2020-12-02,Lansingerland,31,0
2020-12-02,Westland,75,2
2020-12-02,Midden-Delfland,3,0
2020-12-02,Kaag en Braassem,5,0
2020-12-02,Zuidplas,17,0
2020-12-02,Bodegraven-Reeuwijk,14,0
2020-12-02,Leidschendam-Voorburg,23,2
2020-12-02,Goeree-Overflakkee,21,0
2020-12-02,Pijnacker-Nootdorp,21,0
2020-12-02,Nissewaard,22,0
2020-12-02,Krimpenerwaard,15,0
2020-12-02,Hoeksche Waard,18,0
2020-12-02,Molenlanden,20,0
2020-12-03,Alblasserdam,3,0
2020-12-03,Alphen aan den Rijn,45,1
2020-12-03,Barendrecht,19,0
2020-12-03,Brielle,3,0
2020-12-03,Capelle aan den IJssel,22,1
2020-12-03,Delft,32,1
2020-12-03,Dordrecht,70,1
2020-12-03,Gorinchem,14,0
2020-12-03,Gouda,32,0
2020-12-03,'s-Gravenhage,134,0
2020-12-03,Hardinxveld-Giessendam,15,0
2020-12-03,Hellevoetsluis,5,0
2020-12-03,Hendrik-Ido-Ambacht,14,0
2020-12-03,Hillegom,10,0
2020-12-03,Katwijk,27,0
2020-12-03,Krimpen aan den IJssel,15,0
2020-12-03,Leiden,43,0
2020-12-03,Leiderdorp,15,0
2020-12-03,Lisse,5,0
2020-12-03,Maassluis,8,1
2020-12-03,Nieuwkoop,8,0
2020-12-03,Noordwijk,20,0
2020-12-03,Oegstgeest,12,0
2020-12-03,Papendrecht,7,0
2020-12-03,Ridderkerk,20,4
2020-12-03,Rotterdam,220,5
2020-12-03,Rijswijk,20,2
2020-12-03,Schiedam,45,0
2020-12-03,Sliedrecht,12,0
2020-12-03,Albrandswaard,13,0
2020-12-03,Westvoorne,2,0
2020-12-03,Vlaardingen,29,0
2020-12-03,Voorschoten,6,1
2020-12-03,Waddinxveen,13,0
2020-12-03,Wassenaar,17,0
2020-12-03,Zoetermeer,43,0
2020-12-03,Zoeterwoude,1,0
2020-12-03,Zwijndrecht,13,0
2020-12-03,Teylingen,11,0
2020-12-03,Lansingerland,29,0
2020-12-03,Westland,54,1
2020-12-03,Midden-Delfland,11,0
2020-12-03,Kaag en Braassem,8,0
2020-12-03,Zuidplas,12,2
2020-12-03,Bodegraven-Reeuwijk,19,0
2020-12-03,Leidschendam-Voorburg,25,0
2020-12-03,Goeree-Overflakkee,20,0
2020-12-03,Pijnacker-Nootdorp,17,0
2020-12-03,Nissewaard,31,2
2020-12-03,Krimpenerwaard,24,0
2020-12-03,Hoeksche Waard,25,0
2020-12-03,Molenlanden,13,0
2020-12-04,Alblasserdam,8,0
2020-12-04,Alphen aan den Rijn,48,1
2020-12-04,Barendrecht,8,0
2020-12-04,Brielle,7,1
2020-12-04,Capelle aan den IJssel,17,0
2020-12-04,Delft,27,0
2020-12-04,Dordrecht,32,0
2020-12-04,Gorinchem,22,0
2020-12-04,Gouda,28,1
2020-12-04,'s-Gravenhage,117,3
2020-12-04,Hardinxveld-Giessendam,11,0
2020-12-04,Hellevoetsluis,17,0
2020-12-04,Hendrik-Ido-Ambacht,5,0
2020-12-04,Hillegom,5,0
2020-12-04,Katwijk,24,0
2020-12-04,Krimpen aan den IJssel,5,0
2020-12-04,Leiden,27,1
2020-12-04,Leiderdorp,13,0
2020-12-04,Lisse,11,0
2020-12-04,Maassluis,4,0
2020-12-04,Nieuwkoop,17,0
2020-12-04,Noordwijk,16,0
2020-12-04,Oegstgeest,10,0
2020-12-04,Papendrecht,7,1
2020-12-04,Ridderkerk,10,0
2020-12-04,Rotterdam,132,1
2020-12-04,Rijswijk,19,1
2020-12-04,Schiedam,22,1
2020-12-04,Sliedrecht,7,1
2020-12-04,Albrandswaard,3,0
2020-12-04,Westvoorne,6,0
2020-12-04,Vlaardingen,28,0
2020-12-04,Voorschoten,7,0
2020-12-04,Waddinxveen,14,0
2020-12-04,Wassenaar,6,0
2020-12-04,Zoetermeer,58,0
2020-12-04,Zoeterwoude,0,0
2020-12-04,Zwijndrecht,1,0
2020-12-04,Teylingen,18,0
2020-12-04,Lansingerland,28,0
2020-12-04,Westland,48,0
2020-12-04,Midden-Delfland,8,0
2020-12-04,Kaag en Braassem,8,0
2020-12-04,Zuidplas,9,0
2020-12-04,Bodegraven-Reeuwijk,21,0
2020-12-04,Leidschendam-Voorburg,16,0
2020-12-04,Goeree-Overflakkee,29,1
2020-12-04,Pijnacker-Nootdorp,27,0
2020-12-04,Nissewaard,27,2
2020-12-04,Krimpenerwaard,10,0
2020-12-04,Hoeksche Waard,12,0
2020-12-04,Molenlanden,17,0
2020-12-05,Alblasserdam,4,0
2020-12-05,Alphen aan den Rijn,54,0
2020-12-05,Barendrecht,8,1
2020-12-05,Brielle,5,0
2020-12-05,Capelle aan den IJssel,21,1
2020-12-05,Delft,64,0
2020-12-05,Dordrecht,54,0
2020-12-05,Gorinchem,13,0
2020-12-05,Gouda,40,0
2020-12-05,'s-Gravenhage,144,0
2020-12-05,Hardinxveld-Giessendam,2,0
2020-12-05,Hellevoetsluis,6,0
2020-12-05,Hendrik-Ido-Ambacht,17,0
2020-12-05,Hillegom,9,0
2020-12-05,Katwijk,35,0
2020-12-05,Krimpen aan den IJssel,14,0
2020-12-05,Leiden,29,0
2020-12-05,Leiderdorp,8,0
2020-12-05,Lisse,16,0
2020-12-05,Maassluis,2,0
2020-12-05,Nieuwkoop,7,0
2020-12-05,Noordwijk,11,0
2020-12-05,Oegstgeest,6,0
2020-12-05,Papendrecht,11,0
2020-12-05,Ridderkerk,9,2
2020-12-05,Rotterdam,155,0
2020-12-05,Rijswijk,14,0
2020-12-05,Schiedam,21,0
2020-12-05,Sliedrecht,21,0
2020-12-05,Albrandswaard,8,0
2020-12-05,Westvoorne,4,0
2020-12-05,Vlaardingen,26,0
2020-12-05,Voorschoten,8,0
2020-12-05,Waddinxveen,15,0
2020-12-05,Wassenaar,16,0
2020-12-05,Zoetermeer,67,0
2020-12-05,Zoeterwoude,3,0
2020-12-05,Zwijndrecht,22,0
2020-12-05,Teylingen,17,0
2020-12-05,Lansingerland,23,0
2020-12-05,Westland,72,0
2020-12-05,Midden-Delfland,5,0
2020-12-05,Kaag en Braassem,13,0
2020-12-05,Zuidplas,19,0
2020-12-05,Bodegraven-Reeuwijk,14,0
2020-12-05,Leidschendam-Voorburg,35,0
2020-12-05,Goeree-Overflakkee,16,1
2020-12-05,Pijnacker-Nootdorp,15,0
2020-12-05,Nissewaard,25,0
2020-12-05,Krimpenerwaard,15,0
2020-12-05,Hoeksche Waard,7,0
2020-12-05,Molenlanden,11,0
2020-12-06,Alblasserdam,10,0
2020-12-06,Alphen aan den Rijn,58,0
2020-12-06,Barendrecht,17,0
2020-12-06,Brielle,3,0
2020-12-06,Capelle aan den IJssel,29,0
2020-12-06,Delft,22,0
2020-12-06,Dordrecht,55,0
2020-12-06,Gorinchem,24,0
2020-12-06,Gouda,36,1
2020-12-06,'s-Gravenhage,151,0
2020-12-06,Hardinxveld-Giessendam,9,0
2020-12-06,Hellevoetsluis,17,0
2020-12-06,Hendrik-Ido-Ambacht,15,0
2020-12-06,Hillegom,8,0
2020-12-06,Katwijk,33,0
2020-12-06,Krimpen aan den IJssel,5,0
2020-12-06,Leiden,34,0
2020-12-06,Leiderdorp,9,0
2020-12-06,Lisse,18,0
2020-12-06,Maassluis,24,0
2020-12-06,Nieuwkoop,16,0
2020-12-06,Noordwijk,17,0
2020-12-06,Oegstgeest,13,0
2020-12-06,Papendrecht,10,0
2020-12-06,Ridderkerk,12,0
2020-12-06,Rotterdam,219,0
2020-12-06,Rijswijk,16,0
2020-12-06,Schiedam,60,0
2020-12-06,Sliedrecht,17,0
2020-12-06,Albrandswaard,9,0
2020-12-06,Westvoorne,1,0
2020-12-06,Vlaardingen,55,0
2020-12-06,Voorschoten,9,0
2020-12-06,Waddinxveen,22,1
2020-12-06,Wassenaar,12,0
2020-12-06,Zoetermeer,47,0
2020-12-06,Zoeterwoude,0,0
2020-12-06,Zwijndrecht,11,0
2020-12-06,Teylingen,16,0
2020-12-06,Lansingerland,26,0
2020-12-06,Westland,99,1
2020-12-06,Midden-Delfland,18,0
2020-12-06,Kaag en Braassem,9,0
2020-12-06,Zuidplas,22,0
2020-12-06,Bodegraven-Reeuwijk,15,0
2020-12-06,Leidschendam-Voorburg,24,0
2020-12-06,Goeree-Overflakkee,17,0
2020-12-06,Pijnacker-Nootdorp,22,0
2020-12-06,Nissewaard,19,0
2020-12-06,Krimpenerwaard,15,0
2020-12-06,Hoeksche Waard,34,0
2020-12-06,Molenlanden,11,0
2020-12-07,Alblasserdam,5,0
2020-12-07,Alphen aan den Rijn,77,0
2020-12-07,Barendrecht,41,0
2020-12-07,Brielle,6,0
2020-12-07,Capelle aan den IJssel,30,0
2020-12-07,Delft,35,0
2020-12-07,Dordrecht,62,0
2020-12-07,Gorinchem,34,0
2020-12-07,Gouda,25,0
2020-12-07,'s-Gravenhage,94,1
2020-12-07,Hardinxveld-Giessendam,20,0
2020-12-07,Hellevoetsluis,15,0
2020-12-07,Hendrik-Ido-Ambacht,25,0
2020-12-07,Hillegom,16,0
2020-12-07,Katwijk,46,0
2020-12-07,Krimpen aan den IJssel,23,0
2020-12-07,Leiden,34,0
2020-12-07,Leiderdorp,16,0
2020-12-07,Lisse,15,0
2020-12-07,Maassluis,19,1
2020-12-07,Nieuwkoop,20,1
2020-12-07,Noordwijk,17,0
2020-12-07,Oegstgeest,13,0
2020-12-07,Papendrecht,16,0
2020-12-07,Ridderkerk,36,0
2020-12-07,Rotterdam,338,0
2020-12-07,Rijswijk,13,0
2020-12-07,Schiedam,35,0
2020-12-07,Sliedrecht,26,0
2020-12-07,Albrandswaard,16,0
2020-12-07,Westvoorne,4,0
2020-12-07,Vlaardingen,29,0
2020-12-07,Voorschoten,15,0
2020-12-07,Waddinxveen,22,0
2020-12-07,Wassenaar,11,0
2020-12-07,Zoetermeer,46,0
2020-12-07,Zoeterwoude,5,0
2020-12-07,Zwijndrecht,19,0
2020-12-07,Teylingen,10,0
2020-12-07,Lansingerland,33,0
2020-12-07,Westland,60,0
2020-12-07,Midden-Delfland,9,0
2020-12-07,Kaag en Braassem,11,0
2020-12-07,Zuidplas,20,0
2020-12-07,Bodegraven-Reeuwijk,16,0
2020-12-07,Leidschendam-Voorburg,21,0
2020-12-07,Goeree-Overflakkee,21,0
2020-12-07,Pijnacker-Nootdorp,26,0
2020-12-07,Nissewaard,43,0
2020-12-07,Krimpenerwaard,20,0
2020-12-07,Hoeksche Waard,23,0
2020-12-07,Molenlanden,17,0
2020-12-08,Alblasserdam,7,0
2020-12-08,Alphen aan den Rijn,44,0
2020-12-08,Barendrecht,6,0
2020-12-08,Brielle,4,0
2020-12-08,Capelle aan den IJssel,17,0
2020-12-08,Delft,43,0
2020-12-08,Dordrecht,62,0
2020-12-08,Gorinchem,21,0
2020-12-08,Gouda,26,0
2020-12-08,'s-Gravenhage,216,2
2020-12-08,Hardinxveld-Giessendam,19,0
2020-12-08,Hellevoetsluis,9,0
2020-12-08,Hendrik-Ido-Ambacht,11,0
2020-12-08,Hillegom,5,0
2020-12-08,Katwijk,18,0
2020-12-08,Krimpen aan den IJssel,8,0
2020-12-08,Leiden,30,0
2020-12-08,Leiderdorp,10,0
2020-12-08,Lisse,8,0
2020-12-08,Maassluis,14,1
2020-12-08,Nieuwkoop,17,0
2020-12-08,Noordwijk,11,0
2020-12-08,Oegstgeest,10,0
2020-12-08,Papendrecht,15,0
2020-12-08,Ridderkerk,12,1
2020-12-08,Rotterdam,158,1
2020-12-08,Rijswijk,24,1
2020-12-08,Schiedam,23,1
2020-12-08,Sliedrecht,24,0
2020-12-08,Albrandswaard,8,0
2020-12-08,Westvoorne,2,0
2020-12-08,Vlaardingen,27,0
2020-12-08,Voorschoten,9,0
2020-12-08,Waddinxveen,11,0
2020-12-08,Wassenaar,7,0
2020-12-08,Zoetermeer,54,0
2020-12-08,Zoeterwoude,0,0
2020-12-08,Zwijndrecht,17,0
2020-12-08,Teylingen,12,0
2020-12-08,Lansingerland,38,0
2020-12-08,Westland,61,3
2020-12-08,Midden-Delfland,6,0
2020-12-08,Kaag en Braassem,8,0
2020-12-08,Zuidplas,13,0
2020-12-08,Bodegraven-Reeuwijk,15,0
2020-12-08,Leidschendam-Voorburg,39,2
2020-12-08,Goeree-Overflakkee,13,0
2020-12-08,Pijnacker-Nootdorp,34,0
2020-12-08,Nissewaard,26,0
2020-12-08,Krimpenerwaard,15,1
2020-12-08,Hoeksche Waard,27,0
2020-12-08,Molenlanden,11,0
2020-12-09,Alblasserdam,4,0
2020-12-09,Alphen aan den Rijn,53,1
2020-12-09,Barendrecht,16,0
2020-12-09,Brielle,8,0
2020-12-09,Capelle aan den IJssel,19,1
2020-12-09,Delft,45,1
2020-12-09,Dordrecht,59,1
2020-12-09,Gorinchem,25,1
2020-12-09,Gouda,23,0
2020-12-09,'s-Gravenhage,140,1
2020-12-09,Hardinxveld-Giessendam,5,0
2020-12-09,Hellevoetsluis,6,0
2020-12-09,Hendrik-Ido-Ambacht,12,0
2020-12-09,Hillegom,1,0
2020-12-09,Katwijk,30,0
2020-12-09,Krimpen aan den IJssel,27,2
2020-12-09,Leiden,32,0
2020-12-09,Leiderdorp,12,0
2020-12-09,Lisse,11,0
2020-12-09,Maassluis,12,0
2020-12-09,Nieuwkoop,10,0
2020-12-09,Noordwijk,13,0
2020-12-09,Oegstgeest,17,0
2020-12-09,Papendrecht,13,0
2020-12-09,Ridderkerk,20,2
2020-12-09,Rotterdam,217,8
2020-12-09,Rijswijk,15,0
2020-12-09,Schiedam,23,3
2020-12-09,Sliedrecht,15,1
2020-12-09,Albrandswaard,11,0
2020-12-09,Westvoorne,4,0
2020-12-09,Vlaardingen,25,0
2020-12-09,Voorschoten,9,0
2020-12-09,Waddinxveen,13,0
2020-12-09,Wassenaar,5,2
2020-12-09,Zoetermeer,42,0
2020-12-09,Zoeterwoude,3,0
2020-12-09,Zwijndrecht,20,0
2020-12-09,Teylingen,26,0
2020-12-09,Lansingerland,18,0
2020-12-09,Westland,65,1
2020-12-09,Midden-Delfland,10,1
2020-12-09,Kaag en Braassem,14,0
2020-12-09,Zuidplas,17,0
2020-12-09,Bodegraven-Reeuwijk,20,0
2020-12-09,Leidschendam-Voorburg,21,1
2020-12-09,Goeree-Overflakkee,31,0
2020-12-09,Pijnacker-Nootdorp,30,0
2020-12-09,Nissewaard,20,0
2020-12-09,Krimpenerwaard,14,0
2020-12-09,Hoeksche Waard,20,0
2020-12-09,Molenlanden,14,2
2020-12-10,Alblasserdam,8,0
2020-12-10,Alphen aan den Rijn,76,0
2020-12-10,Barendrecht,11,1
2020-12-10,Brielle,3,0
2020-12-10,Capelle aan den IJssel,22,1
2020-12-10,Delft,50,2
2020-12-10,Dordrecht,50,1
2020-12-10,Gorinchem,19,0
2020-12-10,Gouda,56,0
2020-12-10,'s-Gravenhage,278,0
2020-12-10,Hardinxveld-Giessendam,4,0
2020-12-10,Hellevoetsluis,16,0
2020-12-10,Hendrik-Ido-Ambacht,16,0
2020-12-10,Hillegom,6,0
2020-12-10,Katwijk,38,0
2020-12-10,Krimpen aan den IJssel,19,1
2020-12-10,Leiden,54,0
2020-12-10,Leiderdorp,13,0
2020-12-10,Lisse,18,0
2020-12-10,Maassluis,19,1
2020-12-10,Nieuwkoop,17,0
2020-12-10,Noordwijk,20,0
2020-12-10,Oegstgeest,21,0
2020-12-10,Papendrecht,11,0
2020-12-10,Ridderkerk,23,0
2020-12-10,Rotterdam,279,2
2020-12-10,Rijswijk,27,0
2020-12-10,Schiedam,33,0
2020-12-10,Sliedrecht,14,1
2020-12-10,Albrandswaard,25,0
2020-12-10,Westvoorne,5,0
2020-12-10,Vlaardingen,37,0
2020-12-10,Voorschoten,11,0
2020-12-10,Waddinxveen,19,0
2020-12-10,Wassenaar,16,0
2020-12-10,Zoetermeer,107,0
2020-12-10,Zoeterwoude,2,0
2020-12-10,Zwijndrecht,14,0
2020-12-10,Teylingen,37,0
2020-12-10,Lansingerland,48,1
2020-12-10,Westland,110,0
2020-12-10,Midden-Delfland,14,0
2020-12-10,Kaag en Braassem,17,0
2020-12-10,Zuidplas,35,2
2020-12-10,Bodegraven-Reeuwijk,25,0
2020-12-10,Leidschendam-Voorburg,40,1
2020-12-10,Goeree-Overflakkee,23,0
2020-12-10,Pijnacker-Nootdorp,44,0
2020-12-10,Nissewaard,32,0
2020-12-10,Krimpenerwaard,32,1
2020-12-10,Hoeksche Waard,20,0
2020-12-10,Molenlanden,26,0
2020-12-11,Alblasserdam,7,0
2020-12-11,Alphen aan den Rijn,107,0
2020-12-11,Barendrecht,16,0
2020-12-11,Brielle,11,0
2020-12-11,Capelle aan den IJssel,25,2
2020-12-11,Delft,36,0
2020-12-11,Dordrecht,54,0
2020-12-11,Gorinchem,24,0
2020-12-11,Gouda,51,0
2020-12-11,'s-Gravenhage,202,2
2020-12-11,Hardinxveld-Giessendam,10,0
2020-12-11,Hellevoetsluis,14,0
2020-12-11,Hendrik-Ido-Ambacht,22,0
2020-12-11,Hillegom,7,0
2020-12-11,Katwijk,40,0
2020-12-11,Krimpen aan den IJssel,26,1
2020-12-11,Leiden,34,1
2020-12-11,Leiderdorp,21,1
2020-12-11,Lisse,20,0
2020-12-11,Maassluis,19,0
2020-12-11,Nieuwkoop,33,0
2020-12-11,Noordwijk,17,0
2020-12-11,Oegstgeest,16,0
2020-12-11,Papendrecht,25,1
2020-12-11,Ridderkerk,20,1
2020-12-11,Rotterdam,291,2
2020-12-11,Rijswijk,29,0
2020-12-11,Schiedam,33,1
2020-12-11,Sliedrecht,19,1
2020-12-11,Albrandswaard,19,0
2020-12-11,Westvoorne,5,0
2020-12-11,Vlaardingen,33,1
2020-12-11,Voorschoten,13,0
2020-12-11,Waddinxveen,15,0
2020-12-11,Wassenaar,13,0
2020-12-11,Zoetermeer,48,0
2020-12-11,Zoeterwoude,8,0
2020-12-11,Zwijndrecht,26,0
2020-12-11,Teylingen,31,0
2020-12-11,Lansingerland,46,0
2020-12-11,Westland,105,1
2020-12-11,Midden-Delfland,18,0
2020-12-11,Kaag en Braassem,18,0
2020-12-11,Zuidplas,27,0
2020-12-11,Bodegraven-Reeuwijk,26,2
2020-12-11,Leidschendam-Voorburg,45,0
2020-12-11,Goeree-Overflakkee,37,0
2020-12-11,Pijnacker-Nootdorp,33,0
2020-12-11,Nissewaard,28,0
2020-12-11,Krimpenerwaard,45,0
2020-12-11,Hoeksche Waard,35,0
2020-12-11,Molenlanden,26,0
2020-12-12,Alblasserdam,16,0
2020-12-12,Alphen aan den Rijn,86,0
2020-12-12,Barendrecht,22,0
2020-12-12,Brielle,9,0
2020-12-12,Capelle aan den IJssel,32,0
2020-12-12,Delft,34,0
2020-12-12,Dordrecht,79,0
2020-12-12,Gorinchem,17,1
2020-12-12,Gouda,67,1
2020-12-12,'s-Gravenhage,280,1
2020-12-12,Hardinxveld-Giessendam,14,0
2020-12-12,Hellevoetsluis,9,0
2020-12-12,Hendrik-Ido-Ambacht,14,0
2020-12-12,Hillegom,11,0
2020-12-12,Katwijk,64,0
2020-12-12,Krimpen aan den IJssel,12,0
2020-12-12,Leiden,56,0
2020-12-12,Leiderdorp,22,0
2020-12-12,Lisse,22,0
2020-12-12,Maassluis,17,0
2020-12-12,Nieuwkoop,19,1
2020-12-12,Noordwijk,30,1
2020-12-12,Oegstgeest,16,0
2020-12-12,Papendrecht,27,0
2020-12-12,Ridderkerk,22,0
2020-12-12,Rotterdam,287,4
2020-12-12,Rijswijk,21,0
2020-12-12,Schiedam,29,1
2020-12-12,Sliedrecht,31,0
2020-12-12,Albrandswaard,17,1
2020-12-12,Westvoorne,2,0
2020-12-12,Vlaardingen,29,0
2020-12-12,Voorschoten,12,0
2020-12-12,Waddinxveen,24,0
2020-12-12,Wassenaar,17,0
2020-12-12,Zoetermeer,95,1
2020-12-12,Zoeterwoude,5,0
2020-12-12,Zwijndrecht,30,1
2020-12-12,Teylingen,33,1
2020-12-12,Lansingerland,33,0
2020-12-12,Westland,97,1
2020-12-12,Midden-Delfland,11,1
2020-12-12,Kaag en Braassem,27,0
2020-12-12,Zuidplas,23,0
2020-12-12,Bodegraven-Reeuwijk,30,0
2020-12-12,Leidschendam-Voorburg,51,0
2020-12-12,Goeree-Overflakkee,35,0
2020-12-12,Pijnacker-Nootdorp,52,0
2020-12-12,Nissewaard,30,0
2020-12-12,Krimpenerwaard,51,0
2020-12-12,Hoeksche Waard,34,0
2020-12-12,Molenlanden,31,0
2020-12-13,Alblasserdam,9,0
2020-12-13,Alphen aan den Rijn,76,1
2020-12-13,Barendrecht,18,0
2020-12-13,Brielle,13,0
2020-12-13,Capelle aan den IJssel,33,0
2020-12-13,Delft,40,1
2020-12-13,Dordrecht,62,0
2020-12-13,Gorinchem,23,0
2020-12-13,Gouda,26,1
2020-12-13,'s-Gravenhage,252,0
2020-12-13,Hardinxveld-Giessendam,24,0
2020-12-13,Hellevoetsluis,15,0
2020-12-13,Hendrik-Ido-Ambacht,23,0
2020-12-13,Hillegom,7,0
2020-12-13,Katwijk,36,1
2020-12-13,Krimpen aan den IJssel,22,0
2020-12-13,Leiden,29,0
2020-12-13,Leiderdorp,10,0
2020-12-13,Lisse,8,0
2020-12-13,Maassluis,15,0
2020-12-13,Nieuwkoop,13,0
2020-12-13,Noordwijk,18,0
2020-12-13,Oegstgeest,7,0
2020-12-13,Papendrecht,31,0
2020-12-13,Ridderkerk,29,0
2020-12-13,Rotterdam,305,1
2020-12-13,Rijswijk,36,0
2020-12-13,Schiedam,35,0
2020-12-13,Sliedrecht,30,0
2020-12-13,Albrandswaard,19,0
2020-12-13,Westvoorne,5,0
2020-12-13,Vlaardingen,44,0
2020-12-13,Voorschoten,10,0
2020-12-13,Waddinxveen,18,0
2020-12-13,Wassenaar,14,0
2020-12-13,Zoetermeer,97,0
2020-12-13,Zoeterwoude,9,0
2020-12-13,Zwijndrecht,20,0
2020-12-13,Teylingen,26,0
2020-12-13,Lansingerland,42,0
2020-12-13,Westland,111,0
2020-12-13,Midden-Delfland,15,0
2020-12-13,Kaag en Braassem,14,0
2020-12-13,Zuidplas,15,0
2020-12-13,Bodegraven-Reeuwijk,19,0
2020-12-13,Leidschendam-Voorburg,48,2
2020-12-13,Goeree-Overflakkee,31,0
2020-12-13,Pijnacker-Nootdorp,45,0
2020-12-13,Nissewaard,34,0
2020-12-13,Krimpenerwaard,33,0
2020-12-13,Hoeksche Waard,30,0
2020-12-13,Molenlanden,34,0
2020-12-14,Alblasserdam,10,0
2020-12-14,Alphen aan den Rijn,72,0
2020-12-14,Barendrecht,19,0
2020-12-14,Brielle,13,0
2020-12-14,Capelle aan den IJssel,36,0
2020-12-14,Delft,39,0
2020-12-14,Dordrecht,62,0
2020-12-14,Gorinchem,15,0
2020-12-14,Gouda,44,0
2020-12-14,'s-Gravenhage,171,0
2020-12-14,Hardinxveld-Giessendam,15,0
2020-12-14,Hellevoetsluis,18,0
2020-12-14,Hendrik-Ido-Ambacht,17,1
2020-12-14,Hillegom,3,0
2020-12-14,Katwijk,44,0
2020-12-14,Krimpen aan den IJssel,22,0
2020-12-14,Leiden,31,0
2020-12-14,Leiderdorp,14,0
2020-12-14,Lisse,11,0
2020-12-14,Maassluis,12,0
2020-12-14,Nieuwkoop,27,0
2020-12-14,Noordwijk,15,0
2020-12-14,Oegstgeest,16,1
2020-12-14,Papendrecht,21,0
2020-12-14,Ridderkerk,20,0
2020-12-14,Rotterdam,250,6
2020-12-14,Rijswijk,21,0
2020-12-14,Schiedam,24,0
2020-12-14,Sliedrecht,37,0
2020-12-14,Albrandswaard,8,0
2020-12-14,Westvoorne,4,0
2020-12-14,Vlaardingen,33,0
2020-12-14,Voorschoten,11,0
2020-12-14,Waddinxveen,12,0
2020-12-14,Wassenaar,7,0
2020-12-14,Zoetermeer,63,0
2020-12-14,Zoeterwoude,4,0
2020-12-14,Zwijndrecht,23,0
2020-12-14,Teylingen,29,0
2020-12-14,Lansingerland,25,0
2020-12-14,Westland,57,0
2020-12-14,Midden-Delfland,18,0
2020-12-14,Kaag en Braassem,14,0
2020-12-14,Zuidplas,14,0
2020-12-14,Bodegraven-Reeuwijk,19,0
2020-12-14,Leidschendam-Voorburg,37,0
2020-12-14,Goeree-Overflakkee,20,0
2020-12-14,Pijnacker-Nootdorp,32,0
2020-12-14,Nissewaard,31,1
2020-12-14,Krimpenerwaard,30,0
2020-12-14,Hoeksche Waard,49,0
2020-12-14,Molenlanden,31,0
2020-12-15,Alblasserdam,9,0
2020-12-15,Alphen aan den Rijn,44,2
2020-12-15,Barendrecht,5,0
2020-12-15,Brielle,3,0
2020-12-15,Capelle aan den IJssel,14,0
2020-12-15,Delft,13,1
2020-12-15,Dordrecht,63,0
2020-12-15,Gorinchem,15,1
2020-12-15,Gouda,29,0
2020-12-15,'s-Gravenhage,130,1
2020-12-15,Hardinxveld-Giessendam,12,0
2020-12-15,Hellevoetsluis,3,0
2020-12-15,Hendrik-Ido-Ambacht,13,1
2020-12-15,Hillegom,7,0
2020-12-15,Katwijk,28,0
2020-12-15,Krimpen aan den IJssel,12,0
2020-12-15,Leiden,34,0
2020-12-15,Leiderdorp,8,0
2020-12-15,Lisse,9,0
2020-12-15,Maassluis,2,0
2020-12-15,Nieuwkoop,11,0
2020-12-15,Noordwijk,11,0
2020-12-15,Oegstgeest,10,2
2020-12-15,Papendrecht,24,0
2020-12-15,Ridderkerk,9,0
2020-12-15,Rotterdam,101,0
2020-12-15,Rijswijk,16,0
2020-12-15,Schiedam,19,0
2020-12-15,Sliedrecht,31,0
2020-12-15,Albrandswaard,2,0
2020-12-15,Westvoorne,1,0
2020-12-15,Vlaardingen,7,0
2020-12-15,Voorschoten,9,0
2020-12-15,Waddinxveen,13,0
2020-12-15,Wassenaar,11,0
2020-12-15,Zoetermeer,71,0
2020-12-15,Zoeterwoude,1,0
2020-12-15,Zwijndrecht,16,0
2020-12-15,Teylingen,21,0
2020-12-15,Lansingerland,14,0
2020-12-15,Westland,52,0
2020-12-15,Midden-Delfland,12,0
2020-12-15,Kaag en Braassem,8,0
2020-12-15,Zuidplas,19,0
2020-12-15,Bodegraven-Reeuwijk,6,1
2020-12-15,Leidschendam-Voorburg,27,0
2020-12-15,Goeree-Overflakkee,10,0
2020-12-15,Pijnacker-Nootdorp,22,0
2020-12-15,Nissewaard,14,0
2020-12-15,Krimpenerwaard,19,0
2020-12-15,Hoeksche Waard,15,0
2020-12-15,Molenlanden,17,1
2020-12-16,Alblasserdam,18,0
2020-12-16,Alphen aan den Rijn,62,1
2020-12-16,Barendrecht,24,0
2020-12-16,Brielle,14,0
2020-12-16,Capelle aan den IJssel,46,0
2020-12-16,Delft,28,0
2020-12-16,Dordrecht,105,0
2020-12-16,Gorinchem,18,1
2020-12-16,Gouda,31,0
2020-12-16,'s-Gravenhage,229,1
2020-12-16,Hardinxveld-Giessendam,9,0
2020-12-16,Hellevoetsluis,17,0
2020-12-16,Hendrik-Ido-Ambacht,23,2
2020-12-16,Hillegom,8,0
2020-12-16,Katwijk,34,0
2020-12-16,Krimpen aan den IJssel,36,0
2020-12-16,Leiden,44,0
2020-12-16,Leiderdorp,17,1
2020-12-16,Lisse,20,1
2020-12-16,Maassluis,15,0
2020-12-16,Nieuwkoop,24,1
2020-12-16,Noordwijk,22,1
2020-12-16,Oegstgeest,14,0
2020-12-16,Papendrecht,27,1
2020-12-16,Ridderkerk,27,1
2020-12-16,Rotterdam,361,3
2020-12-16,Rijswijk,25,0
2020-12-16,Schiedam,33,0
2020-12-16,Sliedrecht,26,1
2020-12-16,Albrandswaard,16,0
2020-12-16,Westvoorne,5,0
2020-12-16,Vlaardingen,42,0
2020-12-16,Voorschoten,11,0
2020-12-16,Waddinxveen,11,0
2020-12-16,Wassenaar,20,0
2020-12-16,Zoetermeer,65,1
2020-12-16,Zoeterwoude,5,0
2020-12-16,Zwijndrecht,29,1
2020-12-16,Teylingen,31,0
2020-12-16,Lansingerland,38,0
2020-12-16,Westland,72,1
2020-12-16,Midden-Delfland,15,0
2020-12-16,Kaag en Braassem,17,0
2020-12-16,Zuidplas,22,0
2020-12-16,Bodegraven-Reeuwijk,21,0
2020-12-16,Leidschendam-Voorburg,40,0
2020-12-16,Goeree-Overflakkee,43,0
2020-12-16,Pijnacker-Nootdorp,47,0
2020-12-16,Nissewaard,44,1
2020-12-16,Krimpenerwaard,35,0
2020-12-16,Hoeksche Waard,35,0
2020-12-16,Molenlanden,26,0
2020-12-17,Alblasserdam,18,0
2020-12-17,Alphen aan den Rijn,116,0
2020-12-17,Barendrecht,37,1
2020-12-17,Brielle,6,0
2020-12-17,Capelle aan den IJssel,49,0
2020-12-17,Delft,54,1
2020-12-17,Dordrecht,91,0
2020-12-17,Gorinchem,50,0
2020-12-17,Gouda,58,3
2020-12-17,'s-Gravenhage,397,5
2020-12-17,Hardinxveld-Giessendam,20,0
2020-12-17,Hellevoetsluis,16,0
2020-12-17,Hendrik-Ido-Ambacht,26,0
2020-12-17,Hillegom,15,0
2020-12-17,Katwijk,83,1
2020-12-17,Krimpen aan den IJssel,49,0
2020-12-17,Leiden,78,0
2020-12-17,Leiderdorp,16,0
2020-12-17,Lisse,19,0
2020-12-17,Maassluis,24,0
2020-12-17,Nieuwkoop,34,0
2020-12-17,Noordwijk,33,0
2020-12-17,Oegstgeest,19,3
2020-12-17,Papendrecht,34,0
2020-12-17,Ridderkerk,39,1
2020-12-17,Rotterdam,478,1
2020-12-17,Rijswijk,41,0
2020-12-17,Schiedam,52,0
2020-12-17,Sliedrecht,37,0
2020-12-17,Albrandswaard,20,0
2020-12-17,Westvoorne,8,0
2020-12-17,Vlaardingen,52,0
2020-12-17,Voorschoten,21,0
2020-12-17,Waddinxveen,22,0
2020-12-17,Wassenaar,16,0
2020-12-17,Zoetermeer,78,0
2020-12-17,Zoeterwoude,8,0
2020-12-17,Zwijndrecht,24,0
2020-12-17,Teylingen,33,0
2020-12-17,Lansingerland,61,0
2020-12-17,Westland,140,0
2020-12-17,Midden-Delfland,16,0
2020-12-17,Kaag en Braassem,25,0
2020-12-17,Zuidplas,37,0
2020-12-17,Bodegraven-Reeuwijk,51,0
2020-12-17,Leidschendam-Voorburg,79,0
2020-12-17,Goeree-Overflakkee,41,1
2020-12-17,Pijnacker-Nootdorp,43,0
2020-12-17,Nissewaard,44,1
2020-12-17,Krimpenerwaard,50,0
2020-12-17,Hoeksche Waard,61,0
2020-12-17,Molenlanden,41,0
2020-12-18,Alblasserdam,13,0
2020-12-18,Alphen aan den Rijn,83,1
2020-12-18,Barendrecht,24,0
2020-12-18,Brielle,14,1
2020-12-18,Capelle aan den IJssel,57,6
2020-12-18,Delft,56,7
2020-12-18,Dordrecht,52,0
2020-12-18,Gorinchem,32,0
2020-12-18,Gouda,43,0
2020-12-18,'s-Gravenhage,297,2
2020-12-18,Hardinxveld-Giessendam,16,1
2020-12-18,Hellevoetsluis,18,0
2020-12-18,Hendrik-Ido-Ambacht,23,0
2020-12-18,Hillegom,12,0
2020-12-18,Katwijk,56,0
2020-12-18,Krimpen aan den IJssel,43,1
2020-12-18,Leiden,59,0
2020-12-18,Leiderdorp,15,0
2020-12-18,Lisse,18,0
2020-12-18,Maassluis,43,0
2020-12-18,Nieuwkoop,17,0
2020-12-18,Noordwijk,31,0
2020-12-18,Oegstgeest,21,0
2020-12-18,Papendrecht,22,1
2020-12-18,Ridderkerk,32,0
2020-12-18,Rotterdam,331,9
2020-12-18,Rijswijk,25,0
2020-12-18,Schiedam,47,1
2020-12-18,Sliedrecht,28,0
2020-12-18,Albrandswaard,18,0
2020-12-18,Westvoorne,4,0
2020-12-18,Vlaardingen,38,0
2020-12-18,Voorschoten,15,1
2020-12-18,Waddinxveen,26,0
2020-12-18,Wassenaar,12,0
2020-12-18,Zoetermeer,117,1
2020-12-18,Zoeterwoude,2,0
2020-12-18,Zwijndrecht,22,1
2020-12-18,Teylingen,38,0
2020-12-18,Lansingerland,53,4
2020-12-18,Westland,109,0
2020-12-18,Midden-Delfland,17,0
2020-12-18,Kaag en Braassem,14,0
2020-12-18,Zuidplas,32,0
2020-12-18,Bodegraven-Reeuwijk,38,0
2020-12-18,Leidschendam-Voorburg,46,0
2020-12-18,Goeree-Overflakkee,27,6
2020-12-18,Pijnacker-Nootdorp,35,0
2020-12-18,Nissewaard,47,1
2020-12-18,Krimpenerwaard,39,0
2020-12-18,Hoeksche Waard,34,0
2020-12-18,Molenlanden,28,0
2020-12-19,Alblasserdam,13,0
2020-12-19,Alphen aan den Rijn,135,0
2020-12-19,Barendrecht,18,0
2020-12-19,Brielle,6,0
2020-12-19,Capelle aan den IJssel,26,0
2020-12-19,Delft,48,0
2020-12-19,Dordrecht,82,0
2020-12-19,Gorinchem,31,0
2020-12-19,Gouda,52,2
2020-12-19,'s-Gravenhage,269,1
2020-12-19,Hardinxveld-Giessendam,20,0
2020-12-19,Hellevoetsluis,7,1
2020-12-19,Hendrik-Ido-Ambacht,15,0
2020-12-19,Hillegom,7,0
2020-12-19,Katwijk,84,1
2020-12-19,Krimpen aan den IJssel,26,1
2020-12-19,Leiden,76,0
2020-12-19,Leiderdorp,22,0
2020-12-19,Lisse,27,0
2020-12-19,Maassluis,22,0
2020-12-19,Nieuwkoop,34,0
2020-12-19,Noordwijk,37,0
2020-12-19,Oegstgeest,21,0
2020-12-19,Papendrecht,19,0
2020-12-19,Ridderkerk,32,0
2020-12-19,Rotterdam,249,0
2020-12-19,Rijswijk,23,0
2020-12-19,Schiedam,26,0
2020-12-19,Sliedrecht,29,0
2020-12-19,Albrandswaard,12,0
2020-12-19,Westvoorne,1,0
2020-12-19,Vlaardingen,24,0
2020-12-19,Voorschoten,19,0
2020-12-19,Waddinxveen,35,0
2020-12-19,Wassenaar,11,0
2020-12-19,Zoetermeer,81,0
2020-12-19,Zoeterwoude,2,0
2020-12-19,Zwijndrecht,24,0
2020-12-19,Teylingen,38,0
2020-12-19,Lansingerland,41,0
2020-12-19,Westland,123,0
2020-12-19,Midden-Delfland,8,0
2020-12-19,Kaag en Braassem,23,0
2020-12-19,Zuidplas,37,0
2020-12-19,Bodegraven-Reeuwijk,48,0
2020-12-19,Leidschendam-Voorburg,46,1
2020-12-19,Goeree-Overflakkee,17,0
2020-12-19,Pijnacker-Nootdorp,41,0
2020-12-19,Nissewaard,22,1
2020-12-19,Krimpenerwaard,40,1
2020-12-19,Hoeksche Waard,61,0
2020-12-19,Molenlanden,41,0
2020-12-20,Alblasserdam,25,0
2020-12-20,Alphen aan den Rijn,92,0
2020-12-20,Barendrecht,31,0
2020-12-20,Brielle,26,0
2020-12-20,Capelle aan den IJssel,49,0
2020-12-20,Delft,49,0
2020-12-20,Dordrecht,98,0
2020-12-20,Gorinchem,53,0
2020-12-20,Gouda,32,2
2020-12-20,'s-Gravenhage,226,0
2020-12-20,Hardinxveld-Giessendam,28,0
2020-12-20,Hellevoetsluis,23,0
2020-12-20,Hendrik-Ido-Ambacht,12,0
2020-12-20,Hillegom,22,0
2020-12-20,Katwijk,60,0
2020-12-20,Krimpen aan den IJssel,32,0
2020-12-20,Leiden,67,0
2020-12-20,Leiderdorp,19,0
2020-12-20,Lisse,17,0
2020-12-20,Maassluis,29,0
2020-12-20,Nieuwkoop,21,0
2020-12-20,Noordwijk,26,0
2020-12-20,Oegstgeest,25,0
2020-12-20,Papendrecht,38,0
2020-12-20,Ridderkerk,33,0
2020-12-20,Rotterdam,365,0
2020-12-20,Rijswijk,20,0
2020-12-20,Schiedam,46,0
2020-12-20,Sliedrecht,33,0
2020-12-20,Albrandswaard,11,0
2020-12-20,Westvoorne,14,0
2020-12-20,Vlaardingen,31,1
2020-12-20,Voorschoten,9,0
2020-12-20,Waddinxveen,18,0
2020-12-20,Wassenaar,9,0
2020-12-20,Zoetermeer,75,0
2020-12-20,Zoeterwoude,5,0
2020-12-20,Zwijndrecht,25,0
2020-12-20,Teylingen,48,0
2020-12-20,Lansingerland,57,0
2020-12-20,Westland,122,0
2020-12-20,Midden-Delfland,22,0
2020-12-20,Kaag en Braassem,23,0
2020-12-20,Zuidplas,32,0
2020-12-20,Bodegraven-Reeuwijk,30,0
2020-12-20,Leidschendam-Voorburg,48,0
2020-12-20,Goeree-Overflakkee,38,0
2020-12-20,Pijnacker-Nootdorp,39,0
2020-12-20,Nissewaard,61,0
2020-12-20,Krimpenerwaard,38,0
2020-12-20,Hoeksche Waard,46,0
2020-12-20,Molenlanden,44,0
2020-12-21,Alblasserdam,12,0
2020-12-21,Alphen aan den Rijn,110,0
2020-12-21,Barendrecht,22,0
2020-12-21,Brielle,9,0
2020-12-21,Capelle aan den IJssel,36,1
2020-12-21,Delft,58,0
2020-12-21,Dordrecht,65,0
2020-12-21,Gorinchem,20,0
2020-12-21,Gouda,45,0
2020-12-21,'s-Gravenhage,293,0
2020-12-21,Hardinxveld-Giessendam,11,0
2020-12-21,Hellevoetsluis,14,0
2020-12-21,Hendrik-Ido-Ambacht,14,0
2020-12-21,Hillegom,12,0
2020-12-21,Katwijk,52,0
2020-12-21,Krimpen aan den IJssel,19,0
2020-12-21,Leiden,64,0
2020-12-21,Leiderdorp,14,0
2020-12-21,Lisse,16,1
2020-12-21,Maassluis,23,0
2020-12-21,Nieuwkoop,22,1
2020-12-21,Noordwijk,22,0
2020-12-21,Oegstgeest,24,0
2020-12-21,Papendrecht,21,0
2020-12-21,Ridderkerk,36,3
2020-12-21,Rotterdam,274,3
2020-12-21,Rijswijk,26,0
2020-12-21,Schiedam,29,0
2020-12-21,Sliedrecht,23,0
2020-12-21,Albrandswaard,13,0
2020-12-21,Westvoorne,7,0
2020-12-21,Vlaardingen,31,0
2020-12-21,Voorschoten,12,0
2020-12-21,Waddinxveen,14,0
2020-12-21,Wassenaar,12,0
2020-12-21,Zoetermeer,75,0
2020-12-21,Zoeterwoude,5,0
2020-12-21,Zwijndrecht,24,0
2020-12-21,Teylingen,44,0
2020-12-21,Lansingerland,34,0
2020-12-21,Westland,113,0
2020-12-21,Midden-Delfland,21,0
2020-12-21,Kaag en Braassem,24,0
2020-12-21,Zuidplas,22,0
2020-12-21,Bodegraven-Reeuwijk,27,0
2020-12-21,Leidschendam-Voorburg,50,0
2020-12-21,Goeree-Overflakkee,23,0
2020-12-21,Pijnacker-Nootdorp,54,0
2020-12-21,Nissewaard,23,0
2020-12-21,Krimpenerwaard,32,0
2020-12-21,Hoeksche Waard,48,1
2020-12-21,Molenlanden,18,0
2020-12-22,Alblasserdam,19,0
2020-12-22,Alphen aan den Rijn,52,3
2020-12-22,Barendrecht,32,0
2020-12-22,Brielle,9,0
2020-12-22,Capelle aan den IJssel,34,0
2020-12-22,Delft,51,0
2020-12-22,Dordrecht,56,0
2020-12-22,Gorinchem,31,0
2020-12-22,Gouda,37,4
2020-12-22,'s-Gravenhage,262,5
2020-12-22,Hardinxveld-Giessendam,17,0
2020-12-22,Hellevoetsluis,10,1
2020-12-22,Hendrik-Ido-Ambacht,13,0
2020-12-22,Hillegom,13,0
2020-12-22,Katwijk,75,0
2020-12-22,Krimpen aan den IJssel,24,0
2020-12-22,Leiden,55,0
2020-12-22,Leiderdorp,12,0
2020-12-22,Lisse,17,0
2020-12-22,Maassluis,10,0
2020-12-22,Nieuwkoop,28,0
2020-12-22,Noordwijk,27,0
2020-12-22,Oegstgeest,12,3
2020-12-22,Papendrecht,15,0
2020-12-22,Ridderkerk,15,0
2020-12-22,Rotterdam,171,1
2020-12-22,Rijswijk,29,0
2020-12-22,Schiedam,17,1
2020-12-22,Sliedrecht,16,0
2020-12-22,Albrandswaard,7,0
2020-12-22,Westvoorne,5,0
2020-12-22,Vlaardingen,21,0
2020-12-22,Voorschoten,17,0
2020-12-22,Waddinxveen,18,0
2020-12-22,Wassenaar,13,0
2020-12-22,Zoetermeer,66,0
2020-12-22,Zoeterwoude,3,0
2020-12-22,Zwijndrecht,23,0
2020-12-22,Teylingen,21,0
2020-12-22,Lansingerland,32,0
2020-12-22,Westland,53,2
2020-12-22,Midden-Delfland,13,0
2020-12-22,Kaag en Braassem,15,0
2020-12-22,Zuidplas,27,1
2020-12-22,Bodegraven-Reeuwijk,24,1
2020-12-22,Leidschendam-Voorburg,46,0
2020-12-22,Goeree-Overflakkee,15,1
2020-12-22,Pijnacker-Nootdorp,28,0
2020-12-22,Nissewaard,32,0
2020-12-22,Krimpenerwaard,22,0
2020-12-22,Hoeksche Waard,32,1
2020-12-22,Molenlanden,24,0
2020-12-23,Alblasserdam,23,2
2020-12-23,Alphen aan den Rijn,76,1
2020-12-23,Barendrecht,20,0
2020-12-23,Brielle,9,0
2020-12-23,Capelle aan den IJssel,41,0
2020-12-23,Delft,44,2
2020-12-23,Dordrecht,70,0
2020-12-23,Gorinchem,21,0
2020-12-23,Gouda,39,2
2020-12-23,'s-Gravenhage,266,2
2020-12-23,Hardinxveld-Giessendam,16,0
2020-12-23,Hellevoetsluis,13,0
2020-12-23,Hendrik-Ido-Ambacht,16,0
2020-12-23,Hillegom,28,0
2020-12-23,Katwijk,50,1
2020-12-23,Krimpen aan den IJssel,20,0
2020-12-23,Leiden,59,0
2020-12-23,Leiderdorp,14,0
2020-12-23,Lisse,13,0
2020-12-23,Maassluis,21,0
2020-12-23,Nieuwkoop,18,0
2020-12-23,Noordwijk,18,0
2020-12-23,Oegstgeest,13,1
2020-12-23,Papendrecht,14,2
2020-12-23,Ridderkerk,18,0
2020-12-23,Rotterdam,230,2
2020-12-23,Rijswijk,39,0
2020-12-23,Schiedam,16,0
2020-12-23,Sliedrecht,15,1
2020-12-23,Albrandswaard,17,0
2020-12-23,Westvoorne,11,0
2020-12-23,Vlaardingen,28,0
2020-12-23,Voorschoten,11,0
2020-12-23,Waddinxveen,13,0
2020-12-23,Wassenaar,31,0
2020-12-23,Zoetermeer,60,0
2020-12-23,Zoeterwoude,5,0
2020-12-23,Zwijndrecht,23,0
2020-12-23,Teylingen,21,0
2020-12-23,Lansingerland,45,0
2020-12-23,Westland,118,0
2020-12-23,Midden-Delfland,17,0
2020-12-23,Kaag en Braassem,23,0
2020-12-23,Zuidplas,29,0
2020-12-23,Bodegraven-Reeuwijk,34,0
2020-12-23,Leidschendam-Voorburg,56,0
2020-12-23,Goeree-Overflakkee,23,0
2020-12-23,Pijnacker-Nootdorp,34,0
2020-12-23,Nissewaard,32,0
2020-12-23,Krimpenerwaard,33,0
2020-12-23,Hoeksche Waard,26,0
2020-12-23,Molenlanden,29,0
2020-12-24,Alblasserdam,23,0
2020-12-24,Alphen aan den Rijn,84,0
2020-12-24,Barendrecht,34,0
2020-12-24,Brielle,4,0
2020-12-24,Capelle aan den IJssel,47,0
2020-12-24,Delft,44,0
2020-12-24,Dordrecht,104,0
2020-12-24,Gorinchem,33,0
2020-12-24,Gouda,41,0
2020-12-24,'s-Gravenhage,244,2
2020-12-24,Hardinxveld-Giessendam,22,0
2020-12-24,Hellevoetsluis,18,0
2020-12-24,Hendrik-Ido-Ambacht,27,2
2020-12-24,Hillegom,15,0
2020-12-24,Katwijk,63,0
2020-12-24,Krimpen aan den IJssel,44,0
2020-12-24,Leiden,56,0
2020-12-24,Leiderdorp,11,0
2020-12-24,Lisse,20,1
2020-12-24,Maassluis,30,0
2020-12-24,Nieuwkoop,23,0
2020-12-24,Noordwijk,25,0
2020-12-24,Oegstgeest,32,0
2020-12-24,Papendrecht,33,0
2020-12-24,Ridderkerk,38,0
2020-12-24,Rotterdam,310,1
2020-12-24,Rijswijk,31,1
2020-12-24,Schiedam,45,1
2020-12-24,Sliedrecht,35,0
2020-12-24,Albrandswaard,21,0
2020-12-24,Westvoorne,4,0
2020-12-24,Vlaardingen,32,0
2020-12-24,Voorschoten,20,0
2020-12-24,Waddinxveen,13,0
2020-12-24,Wassenaar,13,0
2020-12-24,Zoetermeer,81,0
2020-12-24,Zoeterwoude,15,0
2020-12-24,Zwijndrecht,46,0
2020-12-24,Teylingen,35,0
2020-12-24,Lansingerland,46,0
2020-12-24,Westland,122,2
2020-12-24,Midden-Delfland,16,0
2020-12-24,Kaag en Braassem,16,0
2020-12-24,Zuidplas,20,0
2020-12-24,Bodegraven-Reeuwijk,39,0
2020-12-24,Leidschendam-Voorburg,47,0
2020-12-24,Goeree-Overflakkee,28,0
2020-12-24,Pijnacker-Nootdorp,37,0
2020-12-24,Nissewaard,44,2
2020-12-24,Krimpenerwaard,36,0
2020-12-24,Hoeksche Waard,68,0
2020-12-24,Molenlanden,45,0
2020-12-25,Alblasserdam,11,0
2020-12-25,Alphen aan den Rijn,103,0
2020-12-25,Barendrecht,30,0
2020-12-25,Brielle,8,0
2020-12-25,Capelle aan den IJssel,50,1
2020-12-25,Delft,35,1
2020-12-25,Dordrecht,78,0
2020-12-25,Gorinchem,21,0
2020-12-25,Gouda,47,0
2020-12-25,'s-Gravenhage,167,1
2020-12-25,Hardinxveld-Giessendam,25,0
2020-12-25,Hellevoetsluis,29,0
2020-12-25,Hendrik-Ido-Ambacht,19,3
2020-12-25,Hillegom,10,0
2020-12-25,Katwijk,84,0
2020-12-25,Krimpen aan den IJssel,21,0
2020-12-25,Leiden,66,0
2020-12-25,Leiderdorp,18,2
2020-12-25,Lisse,11,0
2020-12-25,Maassluis,26,0
2020-12-25,Nieuwkoop,33,1
2020-12-25,Noordwijk,36,0
2020-12-25,Oegstgeest,21,0
2020-12-25,Papendrecht,20,1
2020-12-25,Ridderkerk,23,0
2020-12-25,Rotterdam,310,1
2020-12-25,Rijswijk,28,1
2020-12-25,Schiedam,40,0
2020-12-25,Sliedrecht,13,1
2020-12-25,Albrandswaard,22,0
2020-12-25,Westvoorne,2,0
2020-12-25,Vlaardingen,45,0
2020-12-25,Voorschoten,11,0
2020-12-25,Waddinxveen,17,0
2020-12-25,Wassenaar,9,2
2020-12-25,Zoetermeer,76,1
2020-12-25,Zoeterwoude,5,0
2020-12-25,Zwijndrecht,31,0
2020-12-25,Teylingen,36,0
2020-12-25,Lansingerland,42,0
2020-12-25,Westland,81,1
2020-12-25,Midden-Delfland,13,0
2020-12-25,Kaag en Braassem,14,0
2020-12-25,Zuidplas,27,0
2020-12-25,Bodegraven-Reeuwijk,29,0
2020-12-25,Leidschendam-Voorburg,29,0
2020-12-25,Goeree-Overflakkee,45,2
2020-12-25,Pijnacker-Nootdorp,37,0
2020-12-25,Nissewaard,51,0
2020-12-25,Krimpenerwaard,50,1
2020-12-25,Hoeksche Waard,52,1
2020-12-25,Molenlanden,35,0
2020-12-26,Alblasserdam,11,0
2020-12-26,Alphen aan den Rijn,54,0
2020-12-26,Barendrecht,34,0
2020-12-26,Brielle,7,0
2020-12-26,Capelle aan den IJssel,52,0
2020-12-26,Delft,60,0
2020-12-26,Dordrecht,54,1
2020-12-26,Gorinchem,13,0
2020-12-26,Gouda,25,1
2020-12-26,'s-Gravenhage,281,1
2020-12-26,Hardinxveld-Giessendam,21,0
2020-12-26,Hellevoetsluis,15,2
2020-12-26,Hendrik-Ido-Ambacht,15,0
2020-12-26,Hillegom,10,0
2020-12-26,Katwijk,62,0
2020-12-26,Krimpen aan den IJssel,35,1
2020-12-26,Leiden,57,0
2020-12-26,Leiderdorp,10,0
2020-12-26,Lisse,8,0
2020-12-26,Maassluis,32,0
2020-12-26,Nieuwkoop,11,0
2020-12-26,Noordwijk,42,0
2020-12-26,Oegstgeest,14,1
2020-12-26,Papendrecht,23,0
2020-12-26,Ridderkerk,24,0
2020-12-26,Rotterdam,308,1
2020-12-26,Rijswijk,30,0
2020-12-26,Schiedam,28,1
2020-12-26,Sliedrecht,16,0
2020-12-26,Albrandswaard,23,0
2020-12-26,Westvoorne,9,2
2020-12-26,Vlaardingen,28,0
2020-12-26,Voorschoten,9,0
2020-12-26,Waddinxveen,8,0
2020-12-26,Wassenaar,8,0
2020-12-26,Zoetermeer,66,0
2020-12-26,Zoeterwoude,6,0
2020-12-26,Zwijndrecht,26,0
2020-12-26,Teylingen,16,0
2020-12-26,Lansingerland,43,0
2020-12-26,Westland,98,1
2020-12-26,Midden-Delfland,18,0
2020-12-26,Kaag en Braassem,12,0
2020-12-26,Zuidplas,24,1
2020-12-26,Bodegraven-Reeuwijk,15,0
2020-12-26,Leidschendam-Voorburg,48,0
2020-12-26,Goeree-Overflakkee,19,0
2020-12-26,Pijnacker-Nootdorp,27,0
2020-12-26,Nissewaard,61,0
2020-12-26,Krimpenerwaard,30,0
2020-12-26,Hoeksche Waard,31,0
2020-12-26,Molenlanden,34,0
2020-12-27,Alblasserdam,12,0
2020-12-27,Alphen aan den Rijn,38,0
2020-12-27,Barendrecht,16,0
2020-12-27,Brielle,3,0
2020-12-27,Capelle aan den IJssel,28,0
2020-12-27,Delft,34,0
2020-12-27,Dordrecht,48,0
2020-12-27,Gorinchem,35,0
2020-12-27,Gouda,26,1
2020-12-27,'s-Gravenhage,151,0
2020-12-27,Hardinxveld-Giessendam,14,0
2020-12-27,Hellevoetsluis,19,0
2020-12-27,Hendrik-Ido-Ambacht,24,0
2020-12-27,Hillegom,6,0
2020-12-27,Katwijk,33,0
2020-12-27,Krimpen aan den IJssel,13,0
2020-12-27,Leiden,40,0
2020-12-27,Leiderdorp,4,0
2020-12-27,Lisse,12,0
2020-12-27,Maassluis,19,0
2020-12-27,Nieuwkoop,6,0
2020-12-27,Noordwijk,26,0
2020-12-27,Oegstgeest,9,0
2020-12-27,Papendrecht,15,0
2020-12-27,Ridderkerk,16,0
2020-12-27,Rotterdam,186,0
2020-12-27,Rijswijk,27,0
2020-12-27,Schiedam,21,0
2020-12-27,Sliedrecht,19,0
2020-12-27,Albrandswaard,12,0
2020-12-27,Westvoorne,5,0
2020-12-27,Vlaardingen,17,0
2020-12-27,Voorschoten,5,0
2020-12-27,Waddinxveen,14,0
2020-12-27,Wassenaar,2,0
2020-12-27,Zoetermeer,33,0
2020-12-27,Zoeterwoude,1,0
2020-12-27,Zwijndrecht,15,0
2020-12-27,Teylingen,26,0
2020-12-27,Lansingerland,35,0
2020-12-27,Westland,63,0
2020-12-27,Midden-Delfland,9,0
2020-12-27,Kaag en Braassem,9,0
2020-12-27,Zuidplas,25,0
2020-12-27,Bodegraven-Reeuwijk,27,0
2020-12-27,Leidschendam-Voorburg,26,0
2020-12-27,Goeree-Overflakkee,16,0
2020-12-27,Pijnacker-Nootdorp,14,0
2020-12-27,Nissewaard,26,0
2020-12-27,Krimpenerwaard,31,0
2020-12-27,Hoeksche Waard,30,0
2020-12-27,Molenlanden,33,0
2020-12-28,Alblasserdam,16,0
2020-12-28,Alphen aan den Rijn,52,0
2020-12-28,Barendrecht,20,0
2020-12-28,Brielle,7,0
2020-12-28,Capelle aan den IJssel,20,0
2020-12-28,Delft,25,0
2020-12-28,Dordrecht,53,0
2020-12-28,Gorinchem,10,0
2020-12-28,Gouda,28,3
2020-12-28,'s-Gravenhage,159,0
2020-12-28,Hardinxveld-Giessendam,27,0
2020-12-28,Hellevoetsluis,9,0
2020-12-28,Hendrik-Ido-Ambacht,14,0
2020-12-28,Hillegom,7,0
2020-12-28,Katwijk,83,0
2020-12-28,Krimpen aan den IJssel,11,0
2020-12-28,Leiden,36,0
2020-12-28,Leiderdorp,8,0
2020-12-28,Lisse,18,0
2020-12-28,Maassluis,10,0
2020-12-28,Nieuwkoop,22,0
2020-12-28,Noordwijk,31,0
2020-12-28,Oegstgeest,12,0
2020-12-28,Papendrecht,8,0
2020-12-28,Ridderkerk,17,0
2020-12-28,Rotterdam,154,1
2020-12-28,Rijswijk,22,0
2020-12-28,Schiedam,10,0
2020-12-28,Sliedrecht,17,0
2020-12-28,Albrandswaard,7,0
2020-12-28,Westvoorne,0,0
2020-12-28,Vlaardingen,20,0
2020-12-28,Voorschoten,11,0
2020-12-28,Waddinxveen,16,0
2020-12-28,Wassenaar,10,0
2020-12-28,Zoetermeer,32,1
2020-12-28,Zoeterwoude,4,0
2020-12-28,Zwijndrecht,21,0
2020-12-28,Teylingen,30,0
2020-12-28,Lansingerland,26,0
2020-12-28,Westland,50,0
2020-12-28,Midden-Delfland,3,0
2020-12-28,Kaag en Braassem,14,0
2020-12-28,Zuidplas,15,0
2020-12-28,Bodegraven-Reeuwijk,21,0
2020-12-28,Leidschendam-Voorburg,27,0
2020-12-28,Goeree-Overflakkee,15,0
2020-12-28,Pijnacker-Nootdorp,21,0
2020-12-28,Nissewaard,26,1
2020-12-28,Krimpenerwaard,28,1
2020-12-28,Hoeksche Waard,34,0
2020-12-28,Molenlanden,28,0
2020-12-29,Alblasserdam,11,1
2020-12-29,Alphen aan den Rijn,61,2
2020-12-29,Barendrecht,19,0
2020-12-29,Brielle,1,0
2020-12-29,Capelle aan den IJssel,28,0
2020-12-29,Delft,46,0
2020-12-29,Dordrecht,30,4
2020-12-29,Gorinchem,28,0
2020-12-29,Gouda,37,4
2020-12-29,'s-Gravenhage,198,6
2020-12-29,Hardinxveld-Giessendam,15,0
2020-12-29,Hellevoetsluis,10,0
2020-12-29,Hendrik-Ido-Ambacht,8,0
2020-12-29,Hillegom,13,0
2020-12-29,Katwijk,62,0
2020-12-29,Krimpen aan den IJssel,25,2
2020-12-29,Leiden,45,2
2020-12-29,Leiderdorp,12,2
2020-12-29,Lisse,10,1
2020-12-29,Maassluis,17,2
2020-12-29,Nieuwkoop,11,0
2020-12-29,Noordwijk,30,0
2020-12-29,Oegstgeest,8,2
2020-12-29,Papendrecht,11,1
2020-12-29,Ridderkerk,16,0
2020-12-29,Rotterdam,186,5
2020-12-29,Rijswijk,18,1
2020-12-29,Schiedam,31,1
2020-12-29,Sliedrecht,13,2
2020-12-29,Albrandswaard,15,0
2020-12-29,Westvoorne,6,1
2020-12-29,Vlaardingen,29,0
2020-12-29,Voorschoten,5,0
2020-12-29,Waddinxveen,21,0
2020-12-29,Wassenaar,4,0
2020-12-29,Zoetermeer,31,0
2020-12-29,Zoeterwoude,1,0
2020-12-29,Zwijndrecht,15,0
2020-12-29,Teylingen,14,1
2020-12-29,Lansingerland,36,0
2020-12-29,Westland,53,0
2020-12-29,Midden-Delfland,6,1
2020-12-29,Kaag en Braassem,17,0
2020-12-29,Zuidplas,31,0
2020-12-29,Bodegraven-Reeuwijk,26,2
2020-12-29,Leidschendam-Voorburg,38,1
2020-12-29,Goeree-Overflakkee,17,0
2020-12-29,Pijnacker-Nootdorp,27,2
2020-12-29,Nissewaard,15,0
2020-12-29,Krimpenerwaard,40,0
2020-12-29,Hoeksche Waard,24,0
2020-12-29,Molenlanden,24,2
2020-12-30,Alblasserdam,14,0
2020-12-30,Alphen aan den Rijn,69,1
2020-12-30,Barendrecht,35,0
2020-12-30,Brielle,3,2
2020-12-30,Capelle aan den IJssel,34,0
2020-12-30,Delft,35,0
2020-12-30,Dordrecht,78,0
2020-12-30,Gorinchem,21,0
2020-12-30,Gouda,36,1
2020-12-30,'s-Gravenhage,222,8
2020-12-30,Hardinxveld-Giessendam,18,0
2020-12-30,Hellevoetsluis,29,0
2020-12-30,Hendrik-Ido-Ambacht,30,0
2020-12-30,Hillegom,12,0
2020-12-30,Katwijk,80,0
2020-12-30,Krimpen aan den IJssel,11,0
2020-12-30,Leiden,39,0
2020-12-30,Leiderdorp,7,0
2020-12-30,Lisse,30,0
2020-12-30,Maassluis,17,0
2020-12-30,Nieuwkoop,26,0
2020-12-30,Noordwijk,29,0
2020-12-30,Oegstgeest,11,0
2020-12-30,Papendrecht,14,0
2020-12-30,Ridderkerk,29,0
2020-12-30,Rotterdam,233,7
2020-12-30,Rijswijk,24,1
2020-12-30,Schiedam,25,0
2020-12-30,Sliedrecht,24,0
2020-12-30,Albrandswaard,20,0
2020-12-30,Westvoorne,5,0
2020-12-30,Vlaardingen,37,0
2020-12-30,Voorschoten,10,1
2020-12-30,Waddinxveen,14,1
2020-12-30,Wassenaar,11,0
2020-12-30,Zoetermeer,78,1
2020-12-30,Zoeterwoude,8,0
2020-12-30,Zwijndrecht,43,0
2020-12-30,Teylingen,16,1
2020-12-30,Lansingerland,42,0
2020-12-30,Westland,82,1
2020-12-30,Midden-Delfland,10,0
2020-12-30,Kaag en Braassem,9,0
2020-12-30,Zuidplas,27,0
2020-12-30,Bodegraven-Reeuwijk,30,0
2020-12-30,Leidschendam-Voorburg,44,0
2020-12-30,Goeree-Overflakkee,30,0
2020-12-30,Pijnacker-Nootdorp,29,0
2020-12-30,Nissewaard,45,0
2020-12-30,Krimpenerwaard,34,0
2020-12-30,Hoeksche Waard,44,0
2020-12-30,Molenlanden,40,0
2020-12-31,Alblasserdam,14,0
2020-12-31,Alphen aan den Rijn,63,0
2020-12-31,Barendrecht,29,0
2020-12-31,Brielle,6,0
2020-12-31,Capelle aan den IJssel,38,0
2020-12-31,Delft,45,0
2020-12-31,Dordrecht,70,0
2020-12-31,Gorinchem,22,0
2020-12-31,Gouda,38,1
2020-12-31,'s-Gravenhage,183,1
2020-12-31,Hardinxveld-Giessendam,17,0
2020-12-31,Hellevoetsluis,29,0
2020-12-31,Hendrik-Ido-Ambacht,16,0
2020-12-31,Hillegom,5,0
2020-12-31,Katwijk,57,2
2020-12-31,Krimpen aan den IJssel,24,1
2020-12-31,Leiden,60,0
2020-12-31,Leiderdorp,6,0
2020-12-31,Lisse,18,2
2020-12-31,Maassluis,13,0
2020-12-31,Nieuwkoop,19,0
2020-12-31,Noordwijk,22,2
2020-12-31,Oegstgeest,17,1
2020-12-31,Papendrecht,15,0
2020-12-31,Ridderkerk,29,0
2020-12-31,Rotterdam,268,0
2020-12-31,Rijswijk,18,1
2020-12-31,Schiedam,39,1
2020-12-31,Sliedrecht,29,0
2020-12-31,Albrandswaard,25,0
2020-12-31,Westvoorne,12,0
2020-12-31,Vlaardingen,28,0
2020-12-31,Voorschoten,8,0
2020-12-31,Waddinxveen,10,0
2020-12-31,Wassenaar,13,3
2020-12-31,Zoetermeer,41,2
2020-12-31,Zoeterwoude,2,0
2020-12-31,Zwijndrecht,32,0
2020-12-31,Teylingen,31,0
2020-12-31,Lansingerland,39,0
2020-12-31,Westland,79,1
2020-12-31,Midden-Delfland,14,0
2020-12-31,Kaag en Braassem,15,0
2020-12-31,Zuidplas,14,0
2020-12-31,Bodegraven-Reeuwijk,14,0
2020-12-31,Leidschendam-Voorburg,31,1
2020-12-31,Goeree-Overflakkee,26,0
2020-12-31,Pijnacker-Nootdorp,21,1
2020-12-31,Nissewaard,52,0
2020-12-31,Krimpenerwaard,53,0
2020-12-31,Hoeksche Waard,49,1
2020-12-31,Molenlanden,25,0
